{
    "columns": [
        {
            "column_name": "received_promotion",
            "column_stats": {
                "mean": 0.5,
                "median": 0.5,
                "std": 0.7071067811865476,
                "min": 0.0,
                "max": 1.0,
                "quantile_25": 0.25,
                "quantile_50": 0.5,
                "quantile_75": 0.75
            }
        },
        {
            "column_name": "left_company",
            "column_stats": {
                "mean": 0.47901642193066296,
                "median": 0.47901642193066296,
                "std": 0.011919255847614071,
                "min": 0.47058823529411764,
                "max": 0.4874446085672083,
                "quantile_25": 0.4748023286123903,
                "quantile_50": 0.47901642193066296,
                "quantile_75": 0.4832305152489356
            }
        }
    ],
    "extra_stats": null
}