{
    "columns": [
        {
            "column_name": "resolved_within_24_hours",
            "column_values": [
                "True",
                "False",
                "False",
                "True",
                "True",
                "True",
                "False",
                "False",
                "True",
                "True",
                "True",
                "False",
                "False",
                "False",
                "True",
                "False",
                "False",
                "True",
                "False",
                "False",
                "True",
                "False",
                "True",
                "True",
                "False",
                "True",
                "False",
                "True",
                "False",
                "False",
                "False",
                "False",
                "False",
                "False",
                "False",
                "False",
                "False",
                "False",
                "False",
                "False",
                "True",
                "False",
                "False",
                "True",
                "True",
                "True",
                "True",
                "True",
                "True",
                "False"
            ],
            "column_stats": {
                "mean": 0.341375,
                "median": 0.0,
                "std": 0.4742006090803833,
                "min": 0.0,
                "max": 1.0,
                "quantile_25": 0.0,
                "quantile_50": 0.0,
                "quantile_75": 1.0
            }
        },
        {
            "column_name": "resolution_time",
            "column_values": [
                "-3166.8804276455558",
                "1817.8666956497223",
                "4779.977548243612",
                "-2982.9177225375",
                "-2595.086962185",
                "-1131.8188045475",
                "750.4656427216667",
                "1499.379455264722",
                "-412.1823546147222",
                "-314.7315602088889",
                "-834.9002943366667",
                "2399.1922744963886",
                "922.9372376222221",
                "3779.699614698889",
                "-2078.379450859722",
                "4133.234782936111",
                "1950.2716768244445",
                "-676.4764958430555",
                "4766.696348626667",
                "465.5980819066667",
                "-96.0",
                "160.6846754225",
                "-72.0",
                "-395.40115183333336",
                "499.2983976975",
                "-72.0",
                "2331.085280066389",
                "-549.1056010455555",
                "3084.4786394019447",
                "2407.454432385",
                "955.2540760999999",
                "861.0949295741666",
                "1303.7290270311112",
                "3797.0301998241666",
                "997.4351351577778",
                "953.1474041672221",
                "2184.557496674722",
                "2680.6194023633334",
                "1121.5412472927778",
                "2827.8589189286113",
                "-921.4670710866667",
                "1736.8469970883334",
                "636.5794584105556",
                "-1412.5419415711112",
                "-3346.960502101111",
                "-2572.636586963056",
                "-4142.142356348333",
                "-424.48744288055553",
                "-2663.5891859044445",
                "4343.150983405"
            ],
            "column_stats": {
                "mean": 987.8837852111858,
                "median": 961.43940879125,
                "std": 2196.6282948364733,
                "min": -5709.3006140025,
                "max": 5858.930211201668,
                "quantile_25": -455.83728520902775,
                "quantile_50": 961.43940879125,
                "quantile_75": 2624.4638804954166
            }
        }
    ],
    "extra_stats": null
}